,Date,Open,High,Low,Close,Adj Close,Volume,Benefit,Tolerance,Month,Day,WeekDay
27,2022-06-01,31792.554688,31957.285156,29501.587891,29799.080078,29799.080078,41135817341,-1993.4746100000011,2455.6972650000025,6,1,3
28,2022-06-02,29794.890625,30604.734375,29652.705078,30467.488281,30467.488281,29083562061,672.5976560000017,952.029297000001,6,2,4
29,2022-06-03,30467.806641,30633.035156,29375.689453,29704.390625,29704.390625,26175547452,-763.4160159999992,1257.3457030000027,6,3,5
30,2022-06-04,29706.138672,29930.564453,29500.005859,29832.914063,29832.914063,16588370958,126.77539099999922,430.55859399999827,6,4,6
31,2022-06-05,29835.117188,30117.744141,29574.449219,29906.662109,29906.662109,17264085441,71.54492100000061,543.294922000001,6,5,7
32,2022-06-06,29910.283203,31693.291016,29894.1875,31370.671875,31370.671875,31947336829,1460.388672000001,1799.1035159999992,6,6,1
33,2022-06-07,31371.742188,31489.683594,29311.683594,31155.478516,31155.478516,40770974039,-216.26367200000095,2178.0,6,7,2
34,2022-06-08,31151.480469,31253.691406,29944.404297,30214.355469,30214.355469,30242059107,-937.125,1309.2871090000008,6,8,3
35,2022-06-09,30215.279297,30609.310547,30020.265625,30111.998047,30111.998047,21692004719,-103.28125,589.044922000001,6,9,4
36,2022-06-10,30110.330078,30245.808594,28978.146484,29083.804688,29083.804688,29867476527,-1026.5253899999989,1267.6621099999975,6,10,5
37,2022-06-11,29084.666016,29401.916016,28236.212891,28360.810547,28360.810547,27246574439,-723.8554689999983,1165.703125,6,11,6
38,2022-06-12,28373.513672,28502.685547,26762.648438,26762.648438,26762.648438,34163220274,-1610.8652340000008,1740.0371090000008,6,12,7
39,2022-06-13,26737.578125,26795.589844,22141.257813,22487.388672,22487.388672,68204556440,-4250.189452999999,4654.332030999998,6,13,1
40,2022-06-14,22487.986328,23018.951172,20950.818359,22206.792969,22206.792969,50913575242,-281.1933590000008,2068.132813,6,14,2
41,2022-06-15,22196.730469,22642.671875,20178.376953,22572.839844,22572.839844,54912007015,376.109375,2464.294922000001,6,15,3
42,2022-06-16,22576.304688,22868.921875,20265.226563,20381.650391,20381.650391,31183975654,-2194.654297000001,2603.695312,6,16,4
43,2022-06-17,20385.71875,21243.3125,20326.519531,20471.482422,20471.482422,27132421514,85.76367200000095,916.7929689999983,6,17,5
44,2022-06-18,20473.425781,20736.041016,17708.623047,19017.642578,19017.642578,42009436760,-1455.7832030000027,3027.4179689999983,6,18,6
45,2022-06-19,19010.902344,20683.822266,18067.152344,20553.271484,20553.271484,35329942625,1542.3691400000025,2616.669922000001,6,19,7
46,2022-06-20,20553.371094,20913.322266,19689.169922,20599.537109,20599.537109,30818458597,46.16601500000252,1224.1523439999983,6,20,1
47,2022-06-21,20594.294922,21620.628906,20415.0625,20710.597656,20710.597656,28970212744,116.30273400000078,1205.5664060000017,6,21,2
48,2022-06-22,20719.414063,20835.75,19848.078125,19987.029297,19987.029297,28574793478,-732.3847659999992,987.671875,6,22,3
49,2022-06-23,19986.607422,21135.761719,19950.117188,21085.876953,21085.876953,26188097173,1099.269530999998,1185.644530999998,6,23,4
50,2022-06-24,21084.648438,21472.917969,20777.511719,21231.65625,21231.65625,24957784918,147.00781199999983,695.40625,6,24,5
51,2022-06-25,21233.609375,21520.914063,20964.585938,21502.337891,21502.337891,18372538715,268.7285159999992,556.328125,6,25,6
52,2022-06-26,21496.494141,21783.724609,21016.269531,21027.294922,21027.294922,18027170497,-469.19921899999827,767.455077999999,6,26,7
53,2022-06-27,21028.238281,21478.089844,20620.199219,20735.478516,20735.478516,20965695707,-292.7597650000025,857.890625,6,27,1
54,2022-06-28,20731.544922,21164.423828,20228.8125,20280.634766,20280.634766,21381535161,-450.91015600000173,935.611327999999,6,28,2
55,2022-06-29,20281.169922,20364.15625,19937.791016,20104.023438,20104.023438,23552740328,-177.14648400000078,426.3652340000008,6,29,3
56,2022-06-30,20108.3125,20141.160156,18729.65625,19784.726563,19784.726563,26267239923,-323.58593699999983,1411.5039060000017,6,30,4
57,2022-07-01,19820.470703,20632.671875,19073.708984,19269.367188,19269.367188,30767551159,-551.1035149999989,1558.9628909999992,7,1,5
58,2022-07-02,19274.835938,19371.748047,19027.082031,19242.255859,19242.255859,18100418740,-32.58007899999939,344.6660159999992,7,2,6
59,2022-07-03,19242.095703,19558.269531,18966.951172,19297.076172,19297.076172,16390821947,54.980469000001904,591.3183590000008,7,3,7
60,2022-07-04,19297.314453,20258.748047,19063.066406,20231.261719,20231.261719,21594638208,933.9472659999992,1195.6816409999992,7,4,1
61,2022-07-05,20225.353516,20635.466797,19341.232422,20190.115234,20190.115234,26715546990,-35.238281999998435,1294.234375,7,5,2
62,2022-07-06,20194.619141,20595.529297,19823.511719,20548.246094,20548.246094,24598943708,353.62695299999905,772.0175780000027,7,6,3
63,2022-07-07,20547.814453,21771.816406,20296.103516,21637.587891,21637.587891,25814972520,1089.7734380000002,1475.7128900000025,7,7,4
64,2022-07-08,21637.154297,22314.941406,21257.453125,21731.117188,21731.117188,49899834488,93.96289099999922,1057.4882810000017,7,8,5
65,2022-07-09,21716.828125,21877.138672,21445.957031,21592.207031,21592.207031,29641127858,-124.62109399999827,431.1816409999992,7,9,6
66,2022-07-10,21591.080078,21591.080078,20727.123047,20860.449219,20860.449219,28688807249,-730.6308590000008,863.9570309999981,7,10,7
67,2022-07-11,20856.353516,20856.353516,19924.539063,19970.556641,19970.556641,24150249025,-885.796875,931.814452999999,7,11,1
68,2022-07-12,19970.474609,20043.445313,19308.53125,19323.914063,19323.914063,25810220018,-646.5605460000006,734.9140630000002,7,12,2
69,2022-07-13,19325.972656,20223.052734,18999.953125,20212.074219,20212.074219,33042430345,886.1015629999965,1223.0996090000008,7,13,3
70,2022-07-14,20211.466797,20789.894531,19689.257813,20569.919922,20569.919922,31158743333,358.453125,1100.6367180000016,7,14,4
71,2022-07-15,20573.15625,21138.244141,20397.0,20836.328125,20836.328125,25905575359,263.171875,741.2441409999992,7,15,5
72,2022-07-16,20834.103516,21514.404297,20518.898438,21190.316406,21190.316406,24302954056,356.2128900000025,995.5058590000008,7,16,6
73,2022-07-17,21195.041016,21600.640625,20778.179688,20779.34375,20779.34375,22927802083,-415.6972659999992,822.4609369999998,7,17,7
74,2022-07-18,20781.912109,22633.033203,20781.912109,22485.689453,22485.689453,39974475562,1703.7773439999983,1851.1210939999983,7,18,1
75,2022-07-19,22467.849609,23666.962891,21683.40625,23389.433594,23389.433594,48765202697,921.5839849999975,1983.5566409999992,7,19,2
76,2022-07-20,23393.191406,24196.818359,23009.949219,23231.732422,23231.732422,42932549127,-161.45898400000078,1186.8691400000025,7,20,3
77,2022-07-21,23233.201172,23388.322266,22431.148438,23164.628906,23164.628906,33631012204,-68.57226599999922,957.173827999999,7,21,4
78,2022-07-22,23163.751953,23671.927734,22603.416016,22714.978516,22714.978516,31421555646,-448.77343699999983,1068.5117180000016,7,22,5
79,2022-07-23,22706.984375,22977.210938,22002.910156,22465.478516,22465.478516,24021799169,-241.50585900000078,974.3007819999984,7,23,6
80,2022-07-24,22465.509766,22974.001953,22306.839844,22609.164063,22609.164063,23565495303,143.65429700000095,667.1621090000008,7,24,7
81,2022-07-25,22607.15625,22649.121094,21361.642578,21361.701172,21361.701172,35574561406,-1245.455077999999,1287.4785159999992,7,25,1
82,2022-07-26,21361.121094,21361.121094,20776.816406,21239.753906,21239.753906,28624673855,-121.36718799999653,584.3046879999965,7,26,2
83,2022-07-27,21244.169922,22986.529297,21070.806641,22930.548828,22930.548828,31758955233,1686.378905999998,1915.7226560000017,7,27,3
84,2022-07-28,22933.640625,24110.470703,22722.265625,23843.886719,23843.886719,40212386158,910.2460939999983,1388.205077999999,7,28,4
85,2022-07-29,23845.212891,24294.787109,23481.173828,23804.632813,23804.632813,35887249746,-40.58007799999905,813.6132810000017,7,29,5
86,2022-07-30,23796.818359,24572.580078,23580.507813,23656.207031,23656.207031,28148218301,-140.61132799999905,992.0722649999989,7,30,6
87,2022-07-31,23652.070313,24121.642578,23275.703125,23336.896484,23336.896484,23553591896,-315.1738289999994,845.939452999999,7,31,7
88,2022-08-01,23336.71875,23464.787109,22890.796875,23314.199219,23314.199219,25849159141,-22.519531000001734,573.9902340000008,8,1,1
89,2022-08-02,23308.433594,23415.041016,22710.083984,22978.117188,22978.117188,28389250717,-330.3164059999981,704.9570319999984,8,2,2
90,2022-08-03,22981.302734,23578.650391,22747.835938,22846.507813,22846.507813,26288169966,-134.7949210000006,830.814452999999,8,3,3
91,2022-08-04,22848.214844,23198.009766,22485.701172,22630.957031,22630.957031,25120229769,-217.25781299999653,712.3085939999983,8,4,4
92,2022-08-05,22626.833984,23422.828125,22612.177734,23289.314453,23289.314453,28881249043,662.4804689999983,810.6503909999992,8,5,5
93,2022-08-06,23291.423828,23326.5625,22961.279297,22961.279297,22961.279297,15978259885,-330.1445309999981,365.28320299999905,8,6,6
94,2022-08-07,22963.505859,23359.009766,22894.556641,23175.890625,23175.890625,15886817043,212.38476599999922,464.453125,8,7,7
95,2022-08-08,23179.527344,24203.689453,23176.546875,23809.486328,23809.486328,28575544847,629.9589840000008,1027.142577999999,8,8,1
96,2022-08-09,23811.484375,23898.615234,22982.0,23164.318359,23164.318359,23555719219,-647.1660159999992,916.6152340000008,8,9,2
97,2022-08-10,23162.898438,24127.414063,22771.519531,23947.642578,23947.642578,32837431722,784.7441399999989,1355.8945319999984,8,10,3
98,2022-08-11,23948.345703,24822.628906,23900.996094,23957.529297,23957.529297,37127036580,9.183594000001904,921.6328120000035,8,11,4
99,2022-08-12,23957.203125,24412.566406,23657.265625,24402.818359,24402.818359,27265804688,445.6152340000008,755.3007810000017,8,12,5
100,2022-08-13,24402.1875,24860.050781,24346.115234,24424.068359,24424.068359,22987346289,21.880859000000783,513.935547000001,8,13,6
101,2022-08-14,24429.056641,24974.914063,24206.259766,24319.333984,24319.333984,22994133555,-109.72265699999843,768.654297000001,8,14,7
102,2022-08-15,24318.316406,25135.589844,23839.775391,24136.972656,24136.972656,35123501685,-181.34375,1295.814452999999,8,15,1
103,2022-08-16,24126.136719,24228.416016,23733.5,23883.291016,23883.291016,27753685646,-242.84570299999905,494.9160159999992,8,16,2
104,2022-08-17,23881.316406,24407.058594,23243.353516,23335.998047,23335.998047,30931623076,-545.3183590000008,1163.705077999999,8,17,3
105,2022-08-18,23341.039063,23563.832031,23177.601563,23212.738281,23212.738281,23747613147,-128.30078199999843,386.23046800000157,8,18,4
106,2022-08-19,23213.3125,23213.3125,20868.847656,20877.552734,20877.552734,40509610260,-2335.759765999999,2344.4648439999983,8,19,5
107,2022-08-20,20872.841797,21350.806641,20856.730469,21166.060547,21166.060547,27595671000,293.21875,494.07617200000095,8,20,6
108,2022-08-21,21160.392578,21668.845703,21103.197266,21534.121094,21534.121094,23102307723,373.7285159999992,565.6484369999998,8,21,7
109,2022-08-22,21531.462891,21531.462891,20939.183594,21398.908203,21398.908203,31666498758,-132.55468800000017,592.279297000001,8,22,1
110,2022-08-23,21401.044922,21646.203125,20955.138672,21528.087891,21528.087891,31878280659,127.04296899999827,691.064452999999,8,23,2
111,2022-08-24,21526.455078,21783.076172,21195.005859,21395.019531,21395.019531,31962253368,-131.4355469999973,588.0703130000002,8,24,3
112,2022-08-25,21395.458984,21789.636719,21362.441406,21600.904297,21600.904297,31028679593,205.44531300000017,427.19531299999653,8,25,4
113,2022-08-26,21596.085938,21804.908203,20199.482422,20260.019531,20260.019531,42326789564,-1336.0664069999984,1605.425780999998,8,26,5
114,2022-08-27,20262.480469,20340.775391,19890.523438,20041.738281,20041.738281,30116729776,-220.74218799999653,450.25195299999905,8,27,6
115,2022-08-28,20041.035156,20139.054688,19616.814453,19616.814453,19616.814453,24366810591,-424.2207030000027,522.2402350000011,8,28,7
116,2022-08-29,19615.154297,20357.462891,19600.785156,20297.994141,20297.994141,32637854078,682.8398439999983,756.6777349999975,8,29,1
117,2022-08-30,20298.611328,20542.644531,19617.640625,19796.808594,19796.808594,34483360283,-501.8027340000008,925.0039060000017,8,30,2
118,2022-08-31,19799.582031,20420.990234,19799.582031,20049.763672,20049.763672,33225232872,250.18164099999922,621.408202999999,8,31,3
119,2022-09-01,20050.498047,20198.390625,19653.96875,20127.140625,20127.140625,30182031010,76.64257799999905,544.421875,9,1,4
120,2022-09-02,20126.072266,20401.568359,19814.765625,19969.771484,19969.771484,29123998928,-156.30078199999843,586.8027340000008,9,2,5
121,2022-09-03,19969.71875,20037.009766,19698.355469,19832.087891,19832.087891,23613051457,-137.63085900000078,338.65429700000095,9,3,6
122,2022-09-04,19832.470703,19999.689453,19636.816406,19986.712891,19986.712891,25245861652,154.24218800000017,362.8730469999973,9,4,7
123,2022-09-05,19988.789063,20031.160156,19673.046875,19812.371094,19812.371094,28813460025,-176.4179690000019,358.11328100000173,9,5,1
124,2022-09-06,19817.724609,20155.269531,18800.171875,18837.667969,18837.667969,43403978910,-980.0566400000025,1355.0976560000017,9,6,2
125,2022-09-07,18837.683594,19427.171875,18644.466797,19290.324219,19290.324219,35239757134,452.640625,782.705077999999,9,7,3
126,2022-09-08,19289.941406,19417.351563,19076.714844,19329.833984,19329.833984,32194477850,39.89257799999905,340.6367190000019,9,8,4
127,2022-09-09,19328.140625,21439.410156,19310.962891,21381.152344,21381.152344,48469528171,2053.0117189999983,2128.4472650000025,9,9,5
128,2022-09-10,21376.912109,21760.275391,21168.722656,21680.539063,21680.539063,36913738894,303.6269539999994,591.5527349999975,9,10,6
129,2022-09-11,21678.542969,21770.552734,21406.945313,21769.255859,21769.255859,34493951963,90.71289000000252,363.6074210000006,9,11,7
130,2022-09-12,21770.148438,22439.181641,21603.896484,22370.449219,22370.449219,50212088965,600.3007809999981,835.2851569999984,9,12,1
131,2022-09-13,22371.480469,22673.820313,20062.669922,20296.707031,20296.707031,51091116622,-2074.7734379999965,2611.150390999999,9,13,2
132,2022-09-14,20184.554688,20467.201172,19793.396484,20241.089844,20241.089844,37872380889,56.535155999998096,673.8046880000002,9,14,3
133,2022-09-15,20242.289063,20318.166016,19636.734375,19701.210938,19701.210938,36389011503,-541.078125,681.4316409999992,9,15,4
134,2022-09-16,19704.005859,19870.628906,19400.076172,19772.583984,19772.583984,30123362273,68.578125,470.5527340000008,9,16,5
135,2022-09-17,19777.033203,20162.53125,19777.033203,20127.576172,20127.576172,24957448100,350.5429690000019,385.49804700000095,9,17,6
136,2022-09-18,20127.234375,20127.234375,19387.492188,19419.505859,19419.505859,31254779144,-707.7285159999992,739.7421869999998,9,18,7
137,2022-09-19,19418.572266,19639.480469,18390.318359,19544.128906,19544.128906,40177002624,125.55664000000252,1249.1621099999975,9,19,1
138,2022-09-20,19545.591797,19602.457031,18813.455078,18890.789063,18890.789063,36791346508,-654.8027340000008,789.0019530000027,9,20,2
139,2022-09-21,18891.283203,19674.630859,18290.314453,18547.400391,18547.400391,46363793975,-343.88281199999983,1384.3164060000017,9,21,3
140,2022-09-22,18534.650391,19456.910156,18415.591797,19413.550781,19413.550781,41135767926,878.9003900000025,1041.3183590000008,9,22,4
141,2022-09-23,19412.400391,19464.671875,18617.552734,19297.638672,19297.638672,38896078052,-114.76171899999827,847.1191409999992,9,23,5
142,2022-09-24,19296.990234,19310.197266,18861.974609,18937.011719,18937.011719,26149643168,-359.9785150000025,448.22265699999843,9,24,6
143,2022-09-25,18936.310547,19134.732422,18696.46875,18802.097656,18802.097656,23359966112,-134.21289099999922,438.26367200000095,9,25,7
144,2022-09-26,18803.900391,19274.873047,18721.285156,19222.671875,19222.671875,44148798321,418.7714840000008,553.5878909999992,9,26,1
145,2022-09-27,19221.839844,20338.455078,18915.667969,19110.546875,19110.546875,58571439619,-111.29296899999827,1422.7871090000008,9,27,2
146,2022-09-28,19104.621094,19688.34375,18553.296875,19426.720703,19426.720703,53071298734,322.0996090000008,1135.046875,9,28,3
147,2022-09-29,19427.779297,19589.265625,18924.353516,19573.050781,19573.050781,41037843771,145.27148400000078,664.9121090000008,9,29,4
148,2022-09-30,19573.431641,20109.849609,19265.662109,19431.789063,19431.789063,43975248085,-141.64257799999905,844.1875,9,30,5
149,2022-10-01,19431.105469,19471.154297,19231.082031,19312.095703,19312.095703,18719537670,-119.00976599999922,240.07226599999922,10,1,6
150,2022-10-02,19311.849609,19370.308594,18970.621094,19044.107422,19044.107422,20765955327,-267.74218699999983,399.6875,10,2,7
151,2022-10-03,19044.068359,19653.542969,19025.226563,19623.580078,19623.580078,30484729489,579.5117189999983,628.3164059999981,10,3,1
152,2022-10-04,19623.583984,20380.34375,19523.839844,20336.84375,20336.84375,35887278685,713.2597659999992,856.5039060000017,10,4,2
153,2022-10-05,20335.900391,20343.748047,19801.800781,20160.716797,20160.716797,33223790572,-175.18359399999827,541.9472659999992,10,5,3
154,2022-10-06,20161.039063,20408.392578,19900.087891,19955.443359,19955.443359,34711412966,-205.5957039999994,508.30468699999983,10,6,4
155,2022-10-07,19957.558594,20041.085938,19395.792969,19546.849609,19546.849609,29227315390,-410.7089849999975,645.2929690000019,10,7,5
156,2022-10-08,19546.328125,19601.695313,19299.414063,19416.568359,19416.568359,16437423167,-129.75976599999922,302.28125,10,8,6
157,2022-10-09,19417.478516,19542.539063,19349.259766,19446.425781,19446.425781,16837262532,28.947265000002517,193.27929700000095,10,9,7
158,2022-10-10,19446.416016,19515.466797,19102.978516,19141.484375,19141.484375,27425022774,-304.9316409999992,412.48828100000173,10,10,1
159,2022-10-11,19139.0,19241.960938,18925.603516,19051.417969,19051.417969,28711532910,-87.58203100000173,316.35742200000095,10,11,2
160,2022-10-12,19052.646484,19203.199219,19029.757813,19157.445313,19157.445313,24950173846,104.79882899999939,173.4414059999981,10,12,3
161,2022-10-13,19156.966797,19453.328125,18319.822266,19382.904297,19382.904297,44219840004,225.9375,1133.5058590000008,10,13,4
162,2022-10-14,19382.533203,19889.146484,19115.408203,19185.65625,19185.65625,38452356727,-196.87695299999905,773.7382810000017,10,14,5
163,2022-10-15,19185.4375,19212.541016,19019.25,19067.634766,19067.634766,16192235532,-117.80273400000078,193.29101599999922,10,15,6
164,2022-10-16,19068.914063,19389.603516,19068.914063,19268.09375,19268.09375,17988916650,199.17968699999983,320.68945299999905,10,16,7
165,2022-10-17,19268.5625,19635.802734,19173.333984,19550.757813,19550.757813,27472552998,282.19531300000017,462.46875,10,17,1
166,2022-10-18,19550.466797,19666.994141,19144.769531,19334.416016,19334.416016,30580012344,-216.05078100000173,522.2246099999975,10,18,2
167,2022-10-19,19335.027344,19348.416016,19127.6875,19139.535156,19139.535156,22425387184,-195.49218799999653,220.72851599999922,10,19,3
168,2022-10-20,19138.085938,19315.199219,18971.458984,19053.740234,19053.740234,24493974420,-84.34570399999939,343.7402349999975,10,20,4
169,2022-10-21,19053.203125,19237.384766,18770.970703,19172.46875,19172.46875,32459287866,119.265625,466.41406300000017,10,21,5
170,2022-10-22,19172.380859,19248.068359,19132.244141,19208.189453,19208.189453,16104440957,35.808593999998266,115.82421800000157,10,22,6
171,2022-10-23,19207.734375,19646.652344,19124.197266,19567.007813,19567.007813,22128794335,359.27343800000017,522.455077999999,10,23,7
172,2022-10-24,19567.769531,19589.125,19206.324219,19345.572266,19345.572266,30202235805,-222.19726500000252,382.80078100000173,10,24,1
173,2022-10-25,19344.964844,20348.412109,19261.447266,20095.857422,20095.857422,47761524910,750.8925780000027,1086.9648430000016,10,25,2
174,2022-10-26,20092.236328,20938.134766,20076.117188,20770.441406,20770.441406,58895950537,678.2050780000027,862.017577999999,10,26,3
175,2022-10-27,20772.802734,20854.044922,20255.373047,20285.835938,20285.835938,49625110402,-486.9667960000006,598.671875,10,27,4
176,2022-10-28,20287.957031,20724.980469,20086.068359,20595.351563,20595.351563,43994715910,307.39453199999843,638.9121099999975,10,28,5
177,2022-10-29,20595.103516,20988.394531,20566.484375,20818.476563,20818.476563,40369840645,223.37304700000095,421.91015600000173,10,29,6
178,2022-10-30,20817.982422,20917.005859,20547.462891,20635.603516,20635.603516,31486345556,-182.37890600000173,369.54296800000157,10,30,7
179,2022-10-31,20633.695313,20795.320313,20287.458984,20495.773438,20495.773438,45668466815,-137.921875,507.8613289999994,10,31,1
180,2022-11-01,20494.898438,20647.289063,20359.845703,20485.273438,20485.273438,39819303159,-9.625,287.4433600000011,11,1,2
181,2022-11-02,20482.958984,20742.810547,20087.134766,20159.503906,20159.503906,55552169483,-323.45507799999905,655.6757810000017,11,2,3
182,2022-11-03,20162.689453,20382.095703,20086.240234,20209.988281,20209.988281,43228750179,47.298828000002686,295.85546899999827,11,3,4
183,2022-11-04,20208.769531,21209.560547,20188.019531,21147.230469,21147.230469,64072727950,938.4609379999965,1021.5410159999992,11,4,5
184,2022-11-05,21144.832031,21446.886719,21097.634766,21282.691406,21282.691406,37846047609,137.859375,349.25195299999905,11,5,6
185,2022-11-06,21285.056641,21345.376953,20920.191406,20926.486328,20926.486328,35082693210,-358.57031300000017,425.1855469999973,11,6,7
186,2022-11-07,20924.621094,21053.246094,20489.972656,20602.816406,20602.816406,53510852236,-321.80468799999653,563.2734379999965,11,7,1
187,2022-11-08,20600.671875,20664.607422,17603.544922,18541.271484,18541.271484,118992465607,-2059.400390999999,3061.0625,11,8,2
188,2022-11-09,18543.761719,18590.458984,15682.692383,15880.780273,15880.780273,102905151606,-2662.981445999998,2907.766601000001,11,9,3
189,2022-11-10,15883.158203,18054.3125,15834.018555,17586.771484,17586.771484,83202283721,1703.613281,2220.2939449999994,11,10,4
190,2022-11-11,17583.251953,17650.943359,16543.482422,17034.292969,17034.292969,55871616488,-548.9589840000008,1107.4609369999998,11,11,5
191,2022-11-12,17036.875,17066.675781,16651.775391,16799.185547,16799.185547,29717699419,-237.68945299999905,414.9003900000025,11,12,6
192,2022-11-13,16799.722656,16920.765625,16320.634766,16353.365234,16353.365234,27209183682,-446.35742200000095,600.1308590000008,11,13,7
193,2022-11-14,16352.02832,17109.324219,15872.941406,16618.199219,16618.199219,49630243054,266.1708989999988,1236.3828129999984,11,14,1
194,2022-11-15,16617.484375,17051.962891,16542.550781,16884.613281,16884.613281,36599436183,267.12890600000173,509.4121099999975,11,15,2
195,2022-11-16,16884.341797,16960.294922,16430.111328,16669.439453,16669.439453,33925512989,-214.9023440000019,530.1835940000019,11,16,3
196,2022-11-17,16670.425781,16726.439453,16460.683594,16687.517578,16687.517578,27868914022,17.091796999997314,265.7558590000008,11,17,4
197,2022-11-18,16687.912109,16947.058594,16564.611328,16697.777344,16697.777344,26862218609,9.865234999997483,382.4472659999992,11,18,5
198,2022-11-19,16696.220703,16797.876953,16570.410156,16711.546875,16711.546875,16106223492,15.326172000000952,227.4667969999973,11,19,6
199,2022-11-20,16712.919922,16746.779297,16248.692383,16291.832031,16291.832031,21313378652,-421.08789100000104,498.08691400000134,11,20,7
200,2022-11-21,16291.223633,16291.223633,15599.046875,15787.28418,15787.28418,37429485518,-503.93945299999905,692.1767579999996,11,21,1
201,2022-11-22,15782.300781,16253.047852,15656.606445,16189.769531,16189.769531,30726828760,407.46875,596.4414070000003,11,22,2
202,2022-11-23,16195.588867,16638.193359,16170.50293,16610.707031,16610.707031,32958875628,415.11816400000134,467.6904290000002,11,23,3
203,2022-11-24,16611.636719,16771.474609,16501.767578,16604.464844,16604.464844,26129037414,-7.171875,269.70703100000173,11,24,4
204,2022-11-25,16602.269531,16603.316406,16388.404297,16521.841797,16521.841797,18678255976,-80.42773400000078,214.91210900000078,11,25,5
205,2022-11-26,16521.576172,16666.863281,16416.228516,16464.28125,16464.28125,18000008764,-57.29492200000095,250.63476500000252,11,26,6
206,2022-11-27,16463.882813,16594.40625,16437.025391,16444.626953,16444.626953,20443898509,-19.25586000000112,157.38085900000078,11,27,7
207,2022-11-28,16440.222656,16482.933594,16054.530273,16217.322266,16217.322266,27743025156,-222.90039000000252,428.40332099999796,11,28,1
208,2022-11-29,16217.639648,16522.257813,16139.396484,16444.982422,16444.982422,23581685468,227.34277400000065,382.8613289999994,11,29,2
209,2022-11-30,16445.476563,17190.9375,16445.476563,17168.566406,17168.566406,29523576583,723.0898430000016,745.4609369999998,11,30,3
210,2022-12-01,17168.001953,17197.498047,16888.388672,16967.132813,16967.132813,22895392882,-200.86913999999888,309.109375,12,1,4
211,2022-12-02,16968.683594,17088.660156,16877.880859,17088.660156,17088.660156,19539705127,119.97656200000347,210.77929700000095,12,2,5
212,2022-12-03,17090.097656,17116.041016,16888.140625,16908.236328,16908.236328,16217776704,-181.8613280000027,227.90039099999922,12,3,6
213,2022-12-04,16908.169922,17157.767578,16903.439453,17130.486328,17130.486328,16824520830,222.3164059999981,254.328125,12,4,7
214,2022-12-05,17128.894531,17378.152344,16922.431641,16974.826172,16974.826172,22209086834,-154.06835900000078,455.72070299999905,12,5,1
215,2022-12-06,16975.238281,17091.863281,16939.921875,17089.503906,17089.503906,19889922369,114.265625,151.94140600000173,12,6,2
216,2022-12-07,17089.505859,17109.376953,16750.558594,16848.126953,16848.126953,19675404389,-241.37890600000173,358.8183590000008,12,7,3
217,2022-12-08,16847.349609,17267.916016,16788.783203,17233.474609,17233.474609,20496603770,386.125,479.13281300000017,12,8,4
218,2022-12-09,17232.148438,17280.546875,17100.835938,17133.152344,17133.152344,20328426366,-98.9960940000019,179.71093699999983,12,9,5
219,2022-12-10,17134.220703,17216.826172,17120.683594,17128.724609,17128.724609,12706781969,-5.496093999998266,96.14257800000269,12,10,6
220,2022-12-11,17129.710938,17245.634766,17091.820313,17104.193359,17104.193359,14122486832,-25.517578999999387,153.81445299999905,12,11,7
221,2022-12-12,17102.5,17212.564453,16899.394531,17206.4375,17206.4375,19617581341,103.9375,313.1699219999973,12,12,1
222,2022-12-13,17206.441406,17930.085938,17111.763672,17781.318359,17781.318359,26634741631,574.876952999999,818.3222659999992,12,13,2
223,2022-12-14,17782.066406,18318.53125,17739.513672,17815.650391,17815.650391,25534481470,33.58398499999748,579.017577999999,12,14,3
224,2022-12-15,17813.644531,17846.744141,17322.589844,17364.865234,17364.865234,20964448341,-448.77929700000095,524.154297000001,12,15,4
225,2022-12-16,17364.546875,17505.525391,16584.701172,16647.484375,16647.484375,24031608960,-717.0625,920.8242189999983,12,16,5
226,2022-12-17,16646.982422,16800.589844,16614.029297,16795.091797,16795.091797,14463581825,148.109375,186.5605469999973,12,17,6
227,2022-12-18,16795.609375,16815.386719,16697.820313,16757.976563,16757.976563,10924354698,-37.63281199999983,117.5664059999981,12,18,7
228,2022-12-19,16759.041016,16807.527344,16398.136719,16439.679688,16439.679688,17221074814,-319.36132799999905,409.390625,12,19,1
229,2022-12-20,16441.787109,17012.984375,16427.867188,16906.304688,16906.304688,22722096615,464.5175789999994,585.1171869999998,12,20,2
230,2022-12-21,16904.527344,16916.800781,16755.912109,16817.535156,16817.535156,14882945045,-86.99218799999653,160.88867200000095,12,21,3
231,2022-12-22,16818.380859,16866.673828,16592.408203,16830.341797,16830.341797,16441573050,11.96093800000017,274.265625,12,22,4
232,2022-12-23,16829.644531,16905.21875,16794.458984,16796.953125,16796.953125,15329265213,-32.691406000001734,110.75976599999922,12,23,5
233,2022-12-24,16796.976563,16864.703125,16793.527344,16847.755859,16847.755859,9744636213,50.77929600000061,71.17578100000173,12,24,6
234,2022-12-25,16847.505859,16860.554688,16755.253906,16841.986328,16841.986328,11656379938,-5.519531000001734,105.30078199999843,12,25,7
235,2022-12-26,16842.25,16920.123047,16812.369141,16919.804688,16919.804688,11886957804,77.55468800000017,107.75390600000173,12,26,1
236,2022-12-27,16919.291016,16959.845703,16642.072266,16717.173828,16717.173828,15748580239,-202.11718800000017,317.77343699999983,12,27,2
237,2022-12-28,16716.400391,16768.169922,16497.556641,16552.572266,16552.572266,17005713920,-163.828125,270.61328100000173,12,28,3
238,2022-12-29,16552.322266,16651.755859,16508.683594,16642.341797,16642.341797,14472237479,90.01953100000173,143.07226500000252,12,29,4
239,2022-12-30,16641.330078,16643.427734,16408.474609,16602.585938,16602.585938,15929162910,-38.74413999999888,234.953125,12,30,5
240,2022-12-31,16603.673828,16628.986328,16517.519531,16547.496094,16547.496094,11239186456,-56.17773400000078,111.46679699999731,12,31,6
